"Carimbo de data/hora","Em uma escala de 1 a 5, onde 1 é ""nada relevante"" e 5 é ""extremamente relevante"", quão relevante você considera o PPE na inserção de jovens no mundo do trabalho na Bahia?","Qual sua principal atribuição como Ponto Focal do PPE? ","Em uma escala de 1 a 5, onde 1 é ""nada desafiador e 5 é ""extremamente desafiador"", avalie o nível geral de desafio do seu papel como ponto focal","Em sua experiência, quais são os 3 principais desafios que você enfrenta como Ponto Focal?","E quais são as 3 principais facilidades ou melhores aspectos do seu papel como Ponto Focal?","Em uma escala de 1 a 5, onde 1 é ""Muito insatisfatório"" e 5 é ""Muito satisfatório"", avalie o processo de acolhimento dos beneficiários/trabalhadores educandos do PPE? jovens no seu orgão/instituição","O seu órgão possui protocolos ou diretrizes padronizadas para o acolhimento de novos beneficiários/trabalhadores educandos do PPE?","Em que medida você acredita que o processo de acolhimento contribui para a integração dos jovens na equipe de trabalho?","De que forma o jovem é geralmente inserido na cultura organizacional do seu orgão?","Em uma escala de 1 a 5, onde 1 é ""muito insatisfatório"" e 5 é ""muito satisfatório"", avalie a clareza e frequência da comunicação entre a entidade parceira do PPE, FLEM ou FESFSUS com você como Ponto Focal.","Quais canais de comunicação são mais frequentemente utilizados para contato entre você e a entidade parceira do PPE, FLEM ou FESFSUS","Com que frequência você acompanha o desempenho das atividades dos beneficiários/trabalhadores educandos em sua unidade? das atividades e do desempenho dos jovens em sua unidade?","Em uma escala de 1 a 5, onde 1 é ""nada desafiador"" e 5 é ""extremamente desafiador"", quão desafiador é obter informações sobre o desempenho e a permanência dos beneficiários/trabalhadores educandos no local de trabalho?","Os beneficiários/trabalhadores educandos do PPE são, em geral, proativos em suas atividades","A imaturidade dos beneficiários/trabalhadores educandos é um desafio para o acompanhamento pelo ponto focal","A maioria dos beneficiários/trabalhadores educandos do PPE tem clareza sobre seus objetivos profissionais","Os jovens beneficiários/trabalhadores educandos do PPE se adaptam bem à cultura do serviço público","Os beneficiários/trabalhadores educandos tem boa relação com os demais trabalhadores","Quais são suas principais sugestões para aprimorar o PPE, especialmente nas áreas de acolhimento, articulação, comunicação e acompanhamento?","Você identifica alguma ""inconformidade"" ou aspecto do PPE que precise de atenção urgente ou mudança estrutural? Se sim, por favor, descreva"
"2025/09/03 2:29:11 PM GMT-3","5","Acompanhamento do desempenho e frequência dos jovens","4","Encaixar o PPE na área que ele mais tem afinidade, controle de demanda e falta de experiência dos mesmos","Orientação, acolhimento e empatia","5","Talvez","É fundamental","Acompanhamento por um profissional/colega ou servidor mais experiente","4","E-mail","Diariamente","3","5","4","3","4","4","Dialogo entre PPE e equipe.","Não"
"2025/09/03 3:10:00 PM GMT-3","5","Orientação e supervisão direta das atividades dos jovens","5","Garantir a qualidade no aprendizado e auxiliar/orientar a inserção do jovem no mercado de trabalho e na capacitação profissional contínua.","Troca de experiencias, comunicação/dialogo constante, busca continua do conhecimento e no desenvolvimento das habilidades e na contribuição para melhorias e objetivos da empresa.","5","Não","É fundamental","Acompanhamento por um profissional/colega ou servidor mais experiente","4","Whatsapp","Semanalmente","5","4","4","4","4","4","Promover ações de interação, trocas de experiencias, treinamentos/qualificações, criando espaços de diálogo entre ponto focal e o PPE. Ampliar as parcerias com empresas que possam oferecer oportunidades ao programa 1º emprego. ","NÃO"
"2025/09/03 4:43:38 PM GMT-3","5","Orientação e supervisão direta das atividades dos jovens","4","Formação de postura, desenvolvimento gradual e segurança para desempenho no ambiente.","Desenvolvimento do conhecimento do jovem aprendiz, facilitador  do desenvolvimento das atividades e segurança das ferramentas para aprendizagem.","5","Talvez","Contribui significativamente","Acompanhamento por um profissional/colega ou servidor mais experiente","5","E-mail","Diariamente","5","4","2","4","4","4","Tempo para seguir conhecendo e desempenho ","NENHUMA "
"2025/09/04 8:44:20 AM GMT-3","4","Articulação entre gestão central do PPE e o orgão","5","lidar com situações pessoais de cada beneficiário, distancia local moradia x local de trabalho, relação interpessoal entre beneficiário e profissionais locais, falta de etica profissional dos beneficiários","poder ajudar na inserção destes beneficiários no mercado de trabalho","5","Sim","Contribui significativamente","Acesso a materiais institucionais (manuais, guias, outros)","4","E-mail","Mensalmente","3","4","5","3","2","3","A plataforma AVA, segundo relatos dos PPE, têm conteudos repetitivos, cansativos. Sugestão: mudar a metodologia","Segundo relato dos PPEs, o acesso ao RH da FESF é limitado e confuso"
"2025/09/04 9:55:08 AM GMT-3","5","Acompanhamento do desempenho e frequência dos jovens","4","Treinar os jovens para que se tornem bons profissionais, adequar escala com outros profissionais , estabelecer responsabilidade nos jovens, da sua função na área..","Compreensão em saber que estamos lidando com pessoas sem ou com pouca experiência, poder reconhecer nele uma possível mão-de-obra a ser aproveitada e acreditar que todos tem potencial.","5","Talvez","Contribui significativamente","Acompanhamento por um profissional/colega ou servidor mais experiente","5","Whatsapp","Semanalmente","2","4","3","2","4","5","Aquisição de um celular próprio para o programa.","Acho que eles deveriam poder trabalhar em plantões, domingos e feriados."
"2025/09/04 10:21:13 AM GMT-3","4","Orientação e supervisão direta das atividades dos jovens","4","Nada a relatar ","Nada a relatar ","4","Sim","É fundamental","Acompanhamento por um profissional/colega ou servidor mais experiente","4","Whatsapp","Semanalmente","4","4","2","3","4","4","O projeto fazer um acolhimento psicológico dos PPE ","Não "
"2025/09/04 10:25:16 AM GMT-3","5","Acompanhamento do desempenho e frequência dos jovens","5","O lidar com pessoas que não tem a compreensão do ''ser profissional'', falta de comunicação por parte da FESF e o tempo de contrato. ","Passagem de conhecimento, acolhimento e ponderação (como exPPE)","4","Sim","Contribui em alguma medida","Todas as opções acima","1","Whatsapp","Semanalmente","4","3","5","3","4","4","Diminuir quantidade de PPEs por monitores","Repasse de transporte e atenção as demandas dos PPES, por vezes os colaboradores ficam sem resposta e apoio."
"2025/09/04 10:45:21 AM GMT-3","5","Acompanhamento do desempenho e frequência dos jovens","4","Ingerência sobre as substituições; Não ter datas de entrada definida; Falta de opção em escolha por formação especifica","Engajamento dos TE; Apoio e monitoramento do mediador e Projeto de melhoria ","5","Sim","É fundamental","Participação em eventos de integração","5","Whatsapp","Diariamente","2","3","5","3","3","4","Quando da avaliação de desempenho insatisfatoria ter opção de substituição; Informação da FESF ao Ponto focal em situação de ferias (hoje somos informados pelo TE); Comunicar ao ponto focal as datas de chegada dos novos.","Demora na confecção dos crachás e atraso de benefícios"
"2025/09/04 11:15:11 AM GMT-3","5","Orientação e supervisão direta das atividades dos jovens","5","falta de recursos e tempo, a necessidade de lidar com diferentes níveis de comunicação ","centralização da comunicação e a responsabilidade pela gestão do conhecimento e processos dentro da  unidade,","5","Sim","Contribui significativamente","Acompanhamento por um profissional/colega ou servidor mais experiente","5","E-mail","Diariamente","5","5","5","5","5","5","treinamento especificos na área de atuação ","não"
"2025/09/04 12:05:42 PM GMT-3","5","Acompanhamento do desempenho e frequência dos jovens","4","Primeiro que não sei qual seria a atribuição de ponto focal e desconhecimento da proposta do programa e disponibilidade de tempo para acompanhar de forma mais efetiva","Boa relação interpessoal e integração no serviço ","4","Talvez","Contribui significativamente","Acompanhamento por um profissional/colega ou servidor mais experiente","2","Tive um contato pessoal com a representante da FESF","Diariamente","3","5","2","4","5","5","Melhor articulação do projeto com o serviço, expectativa e objetivos ","Melhor articulação do projeto com o serviço, expectativa e objetivos "
"2025/09/04 2:36:09 PM GMT-3","3","Acolhimento e integração dos jovens","3","E fazer o jovem entender","são ","5","Não","Contribui significativamente","Apresentação formal à equipe","1","Whatsapp","Mensalmente","5","5","3","1","5","5","Deixar claro para PPE que serão aproveitados na area de sua formação e não onde se sinta confortável. ","Deixar claro para eles que serão dispensados com um ano de contrato,não deixando margem a esperanças de permanência. fazendo com que o PPE projete sua  viada para 2 anos e quando é dispensado com um ano fica ,com a mão na cabeça pedindo pra ser prorrogado o contrato e o ponto focal não pode fazer nada."
"2025/09/04 3:14:39 PM GMT-3","5","Acompanhamento do desempenho e frequência dos jovens","5","Garantir que o aprendizado técnico venha acompanhado do desenvolvimento comportamental( postura ética, trabalho em equipe, responsabilidade) / Mediar dificuldades relacionadas á hierarquia e ao convívio interpessoal / Conciliar interesses da empresa( resultados e postura profissional com os do PE( desenvolvimento, primeiras experiências)","O ponto focal aprimora habilidades de liderança, comunicação e organização/ Vivenciar de perto a evolução do jovem( técnica e comportamental) gera satisfação profissional / A função do ponto focal é estratégica e reforça o papel do profissional como referência dentro da instituição.","5","Sim","É fundamental","Apresentação formal à equipe","3","E-mail","Diariamente","5","5","1","4","5","5","Promover escuta qualificada, permitindo que o PPE exponha suas expectativas e inseguranças/ Promover rodas de conversas entre os PPE, gestores e formadores, visando alinhar expectativas / Utilizar ferramentas de comunicação adequadas( reuniões breves, e-mails formais, aplicativos institucionais).","Não identifico inconformidades"
"2025/09/04 3:14:48 PM GMT-3","5","Orientação e supervisão direta das atividades dos jovens","5","Adaptação na realização das atividades propostas, amadurecimento profissional e trabalho com a equipe multiprofissional","Inovações no processo de trabalho, criatividade e disponibilidade para o amprendizado","5","Não","É fundamental","Participação em eventos de integração","5","Whatsapp","Semanalmente","2","5","4","4","5","4","Prática de escuta ativa, empatia/feedback e articulação com outras unidades institucionais","Alocar os jovens próximos a sua residência"
"2025/09/04 3:43:57 PM GMT-3","5","Orientação e supervisão direta das atividades dos jovens","5","ATE O MOMENTO NAO TENHO","SOU PACIENTE , TENHO PRAZER EM ORIENTAR,","5","Sim","É fundamental","TODAS AS REPOSTAS ACIMA","5","RH DA INSTITUIÇÃO","Diariamente","2","5","2","5","5","5","PALESTRAS","NAO"
"2025/09/04 4:56:43 PM GMT-3","5","Acolhimento e integração dos jovens","3","Principalmente em se tratando deste grupo vigente, considero o uso do fardamento, crachá e o cumprimento dos prazos estabelecidos pela FESF referente a frequência e avaliações em geral.","Fazer parte do projeto, acompanhando e contribuir para o processo de amadurecimento e desenvolvimento profissional dos TE´s ","4","Sim","É fundamental","todas as resposta acima","4","E-mail, Whatsapp, telefone, reuniões presenciais.","As atividades laborais, funcionaisPor essa perspectiva, eles são acompanhados pelo representante do setor(chefia imediata).","3","4","4","4","3","3","Condição para o gestor da unidade avaliar o perfil do TE no acolhimento ou período de experiência antes de sua contratação","O Projeto é muito bem elaborado e executado. Porém como todo projeto, sempre está sujeito a ajustes ou alterações"
"2025/09/04 9:03:58 PM GMT-3","5","Acompanhamento do desempenho e frequência dos jovens","3","1. Poder ajudar em tudo que necessitam;
2. Ser austero quando necessário;
3. Tempo disponível para dedicar ao Projeto, sempre curto, em função das muitas atribuições ","1. Equilíbrio na condução dos processos de trabalho;
2. Respeito, amizade e profissionalismo com reciprocidade exigido nas relações de trabalho e interpessoais;
3. habilidade para negociar o que é possível, sem desrespeitar os direitos dos outros;","4","Sim","É fundamental","Acesso a materiais institucionais (manuais, guias, outros)","4","Whatsapp","Mensalmente","3","4","4","4","4","4","Mais frequência de visitas da supervisão à unidade
 no que concerne ao acompanhamento e comunicação  ","Nem todos são proativos e demonstram interesse em participar mais efetivamente. Talvez a seleção deva ser mais rigorosa, haja vista que já tivemos problema com TE, a ponto de desistir e ser desligada(o) antes do término do contrato."
"2025/09/05 8:18:26 AM GMT-3","5","Orientação e supervisão direta das atividades dos jovens","1","a necessidade de garantir o alinhamento, tempo e a comunicação eficaz ","Função de porta-voz, acesso à informação e a Consistência.","5","Sim","É fundamental","Participação em eventos de integração","1","Pouco contato","Diariamente","1","5","3","3","5","5","sem sugestoes","nao"
"2025/09/05 9:46:55 AM GMT-3","5","Acompanhamento do desempenho e frequência dos jovens","4","Gerenciamento de expectativas e comunicação, Equilíbrio de prioridades e Resolução de conflitos","Liderança participativa, proatividade e solucionar problemas","5","Sim","É fundamental","Acompanhamento por um profissional/colega ou servidor mais experiente","4","E-mail","Mensalmente","5","5","4","5","5","5","Manter o que está sendo feito com excelência ","Aumentar o quadro de PE na unidade."
"2025/09/05 10:32:26 AM GMT-3","5","Orientação e supervisão direta das atividades dos jovens","3","Equilibrar prioridades e gerenciar expectativas, mantendo a comunicação clara e consistente, são desafios  importantes para mim, pois me permitem aprender e evoluir constantemente, seja na resolução de problemas, no aprimoramento da comunicação. ","Não centralização das Informações, me ajudam a oportunizar o  Aprendizado Contínuo e facilitando  a Colaboração entre a equpe","5","Sim","É fundamental","Acompanhamento por um profissional/colega ou servidor mais experiente","3","E-mail","Diariamente","3","5","2","4","5","5","Com base em na minha experiência, um dos principais desafios para aprimorar o PPE é manter uma comunicação clara e consistente. Para isso, sugiro a criação de canais de feedback bidirecional, a utilização de uma linguagem simples e a manutenção de protocolos claros de acolhimento. Essas ações são essenciais para fortalecer a articulação entre as equipes e garantir um acompanhamento mais eficaz, tornando o programa mais robusto e centrado nas pessoas","Não"
"2025/09/05 11:33:46 AM GMT-3","5","Orientação e supervisão direta das atividades dos jovens","4","Falta de experiência, pro atividade, flexibilidade da escala","Fácil aprendizagem, bom relacionamento,","4","Talvez","Contribui significativamente","Acompanhamento por um profissional/colega ou servidor mais experiente","3","Não tenho contato com a entidade parceira","Diariamente","4","2","5","2","4","5","Não tenho sugestão a dar","Não"
"2025/09/05 9:46:32 PM GMT-3","5","Acompanhamento do desempenho e frequência dos jovens","2","Nao participar da selecao/escolha dos colaboradores, afastamentos frequentes para eventos promovidos pela fesf, ","Facilidade de acesso aos responsáveis","5","Não","É fundamental","Apresentação formal à equipe","4","E-mail","Diariamente","1","5","4","4","3","4","O acolhimento juntamente com um preposto fesf","A participação do local de atuação/trabalho na selecao/escolha do jovem"
"2025/09/08 10:09:28 AM GMT-3","5","Acolhimento e integração dos jovens","3","cumprir multiplas demandas, lidar com as mudanças e comunicação clara.","agilidade na resolução de problemas e foco nas necessidades","5","Sim","É fundamental","Apresentação formal à equipe","5","E-mail","Diariamente","3","5","1","5","5","5","sem mais.","Aumentar o período do contrato e prorrogação do educando na unidade."
"2025/09/08 3:33:03 PM GMT-3","5","Acompanhamento do desempenho e frequência dos jovens","4","Eu estou gerente do Setor Pessoal/RH do HELR, e diante ao grande fluxo de demandas das minhas atividades de rotina, vejo como desafio: acompanhamento mais próximo da evolução dos trabalhadores nos setores e conscientizar os trabalhadores sobre os cumprimentos de prazos e normas.","Acolher os trabalhadores quando chegam na unidade; Fazer a interlocução entre a unidade e o ponto focal da SESAB e FESF;  e ser a referência do PPE para eles na unidade.","4","Sim","É fundamental","O trabalhador PPE quando chega na unidade é acolhido no RH e passa por uma apresentação do histórico da unidade e os aspectos em Saúde Mental e fazemos ainda uma visita técnica nos setores da unidade.","4","na unidade temos uma sala da FESF  e a supervisora quase sempre está aqui","Não tenho uma frequência estabelecida, contudo sempre converso com as chefia imediatas sobre o desempenho dos trabalhadores e busco sempre estar proxima a eles e conversar sobre o desenvolvimento do trabalho","3","3","5","2","3","4","O PPE é muito bom, toda a estrutura e profissionais os quais tenho contato atendem bem as expectativas. Acredito que sobre o acompanhamento, poderia ser mais intensivo junto aos trabalhadores no sentido de estimular a melhoria do perfil profissional e comportamento institucional.","não identifico"
"2025/09/09 10:57:47 AM GMT-3","5","Orientação e supervisão direta das atividades dos jovens","4","Acolher a diversidade de personalidades dos jovens. Estimular comprometimento. Incentivar boas relações interpessoais","Contribuir com o fortalecimento do aprendizado. Interagir com os jovens e suas expectativas. Colaborar com a formação de bons profissionais para o mercado de trabalho","4","Sim","Contribui significativamente","Participação em eventos de integração","4","Whatsapp","Diariamente","1","4","4","4","4","4","sem sugestão","não"
"2025/09/11 6:06:11 AM GMT-3","5","Orientação e supervisão direta das atividades dos jovens","5","Interesse dos beneficiários, capacitação dos beneficiários, e as despedidas, quando eles ficam treinados vão embora. ","Apoio da gestão, a convivência com os jovens,  poder passar pra eles o funcionamento do serviço.","4","Não","É fundamental","Acompanhamento por um profissional/colega ou servidor mais experiente","2","Reuniões presenciais","Diariamente","5","5","5","3","5","5","Aqui na unidade o acolhimento é realizado em outra unidade,  é outro serviço completamente diferente, outra realidade o que tem impactado negativamente.","Aqui na unidade são os únicos profissionais que temos, se tirar fecha o serviço. "
"2025/09/17 8:31:49 AM GMT-3","5","Orientação e supervisão direta das atividades dos jovens","3","Ausência de contato direto com a gestão da FESF SUS; onde no HGESF ocorre através do RH. ","Acolhimento, Orientação e Coordenação.","5","Sim","É fundamental","Com todo cuidado, orientação e atenção","1","Todo contato ocorre através do RH da Unidade. A gestão atual sequer responde WhatsApp ou atende as ligações. ","Diariamente","1","5","2","5","4","5","Considero fundamental a melhoria da comunicação entre as Coordenações. ","Relação entre as gestões/coordenações. 
O Rh da Unidade não pode responder pela Coordenação do Setor, no qual se encontra o beneficiário do programa. "
"2025/09/17 10:20:05 AM GMT-3","5","Desde o acolhimento ao processo de término de contrato.","3","Situações de não pagamento de vale transporte no período adequado; possível incompatibilidade para cumprimento da escala de serviço; não adequação às normas da instituição.","Acolhimento do novo colaborador; capacidade de dialogar e intermediar situações; estar à disposição para auxiliar em demandas.","4","Sim","É fundamental","Acompanhamento por um profissional/colega ou servidor mais experiente","3","Whatsapp","Não há uma periodicidade exata.","4","4","2","4","4","4","Acredito que seria interessante que o ponto focal tivesse acesso às informações ou resoluções de situações referentes ao portal RH, como por exemplo confirmação de programação de férias ou até mesmo o envio de registros de acidentes de trabalho.","Alguns trabalhadores educandos têm questionado quanto ao atraso do pagamento de vale transporte."
"2025/09/17 12:49:27 PM GMT-3","5","Acolhimento e integração dos jovens","4","1 - Não ter concurso público. Para aervidores.
2 -  A forma de escolha de participar  no PPE.
3 - Avaliar a cada 6 meses os participantes.","1 - O acolhimento  e orientação. 
2 - O diálogo  permanente.
3 - O contato direto.","4","Sim","É fundamental","Acompanhamento por um profissional/colega ou servidor mais experiente","4","Whatsapp","Mensalmente","4","5","5","3","4","4","Ter contato permanente. ","não "
"2025/09/17 2:21:40 PM GMT-3","4","Acompanhamento do desempenho e frequência dos jovens","5","Nenhum.","Diálogo, orientação e acolher ","4","Talvez","É fundamental","Apresentação formal à equipe","5","Whatsapp","Mensalmente","3","5","4","4","5","5","Interagir mais ","Não "
"2025/09/17 3:32:46 PM GMT-3","3","Acolhimento e integração dos jovens","1","Nenhum ","Nenhuma ","3","Talvez","Contribui em alguma medida","Apresentação formal à equipe","3","Whatsapp","Nao acompanho","3","5","3","3","4","4","Nao tenho sugestão ","Prefiro nao opinar"
"2025/09/17 3:35:04 PM GMT-3","3","Orientação e supervisão direta das atividades dos jovens","5","Falta de responsabilidade,Falta de  iniciativa, brincadeira em excesso.","Facilidade em ensinar, Sempre prestativo, Respeito ","4","Talvez","É fundamental","Acompanhamento por um profissional/colega ou servidor mais experiente","4","Whatsapp","Diariamente","4","2","2","4","3","5","Acompanhamento maior do supervisor do programa PPEs com os mesmos; Maior rigidez na cobrança com os PPEs.","Sim. Deveria ter um acompanhamento mais próximo do Supervisor com as chefias imediatas. "
"2025/09/17 4:49:40 PM GMT-3","4","Orientação e supervisão direta das atividades dos jovens","4","Pessoas com dificuldade de execução das atividades esperadas ","Bom contato com responsável direto, ","4","Sim","Contribui em alguma medida","Participação em eventos de integração","4","Whatsapp","Diariamente","1","3","4","3","4","4","Melhor tempo de integração ","Não "
"2025/09/17 5:22:51 PM GMT-3","4","Acompanhamento do desempenho e frequência dos jovens","4","falta de diálogo, interaçâo, criatividade","A comumicação a motivação e bem estar no ambiente de trabalho","3","Sim","Contribui em alguma medida","Acompanhamento por um profissional/colega ou servidor mais experiente","3","E-mail","Diariamente","3","3","3","3","3","4","O conhecimento é fundamental","nâo"
"2025/09/17 7:56:39 PM GMT-3","5","Acolhimento e integração dos jovens","3","Gerenciar os conflitos interpessoais ","Os jovens geralmente tem facilidade para aprender e isso torna melhor o nosso trabalho ","5","Não","É fundamental","Acompanhamento por um profissional/colega ou servidor mais experiente","4","Whatsapp","Mensalmente","3","3","4","3","3","3","Deveria ter algum projeto visando a integração entre eles no ambiente de trabalho","Precisa organizar melhor na distribuição dos uniformes e crachás e depois ao final dos contratos ja que solicitam a devolução de uniformes e crachas que se responsabilizem por levar de volta para Salvador ou dar oitro destino."
"2025/09/18 7:04:11 AM GMT-3","5","Orientação e supervisão direta das atividades dos jovens","5","Orientação constante 
Estímulo para interesse das atividades do trabalho no cotidiano
Demonstrar a importância das atividades em foco não como uma rotina mas como importância da atividade a exercer","Supervisão 
Orientação 
Estímulo no desenvolvimento das atividades do cotidiano ","4","Não","É fundamental","Acompanhamento por um profissional/colega ou servidor mais experiente","1","E-mail","Diariamente","4","5","4","4","4","4","Estímulo e valorização dos mesmos da do foco a importância e possível estabilidade. ","Não "
"2025/09/18 9:41:29 AM GMT-3","5","Acompanhamento do desempenho e frequência dos jovens","2"," Não temos desafios no momento, a equipe de PPE e excelente e comprometida.","Na unidade da qual faço  temos a possibilidade de remanejar o PPE de setor quando ele não se adapta .","5","Não","É fundamental","Acompanhamento por um profissional/colega ou servidor mais experiente","5","Whatsapp","Diariamente","1","5","1","5","5","5","O Projeto é excelente ,no momento não tenho sugestões para aprimorar.","No momento não."
"2025/09/18 2:02:51 PM GMT-3","5","Acompanhamento do desempenho e frequência dos jovens","4","Mediar as relações interpessoais entre os PPE's e Coordenações de setores;
Controlar a frequência;
Acompanhar e orientar sobre questões comportamentais.","O pronto atendimento dos monitores quando solicitados, bem como, da equipe Multi disciplinar na resolução das demandas encaminhadas.","5","Sim","É fundamental","Acompanhamento por um profissional/colega ou servidor mais experiente","5","Whatsapp","Diariamente","3","3","4","3","3","3","Sem sugestões.","Criação de normas e critérios para desligamento ou afastamento, quando o não enquadramento dos beneficiários."
"2025/09/18 2:45:58 PM GMT-3","5","Acompanhamento do desempenho e frequência dos jovens","2","Falta de diálogo entre os focais e os coordenadores do projeto.","Facilidade de comunicação com os TE's","5","Sim","Contribui significativamente","Acompanhamento por um profissional/colega ou servidor mais experiente","2","Whatsapp","Diariamente","2","4","1","5","5","5","Mais treinamentos.","A comunicação do ponto focal com os coordenadores."
"2025/09/18 3:09:55 PM GMT-3","4","Orientação e supervisão direta das atividades dos jovens","4","dificuldade em lidar com alguns PPE/Avaliar aquele que tem dificuldade em desenvolver atividades/manter a harmonia entre PPE e demais técnicos","muito diálogo/interação e disponibilidade para ouvi-los","4","Sim","Contribui significativamente","Acompanhamento por um profissional/colega ou servidor mais experiente","4","E-mail","Diariamente","4","3","5","4","3","4","Penso que melhorar os critérios de seleção/aquele que não está sendo bem avaliado, não renovar contrato","Atentar-se para a avaliação"
"2025/09/18 3:40:59 PM GMT-3","3","Acolhimento e integração dos jovens","1","1 COLOCAR EM LOCAL ADEQUADO","1RECEBE-LOS
","4","Talvez","É fundamental","Acompanhamento por um profissional/colega ou servidor mais experiente","1","E-mail","NUNCA","5","3","3","3","5","5","ESCLARECER PARA O PPE QUE É CONTRATO TEMPORARIO","NÃO POSSO QUERER MUDAR UM PROGRAMA POR UMA INCONFORMIDADE QUE ACONTECE NO MEU SETOR."
"2025/09/19 9:13:28 AM GMT-3","5","Acolhimento e integração dos jovens","5","Pouca frequência dos supervisores regionais, 
Disponibilidade de colaboradores na área de enfermagem","Boa adaptação dos colaboradores do PPE
Assiduidade e disponibilidade para desempenho das funções
Bom comportamento e atenção com todos  ","5","Talvez","Contribui significativamente","Acompanhamento por um profissional/colega ou servidor mais experiente","5","Whatsapp","Diariamente","4","5","4","4","5","5","Um acompanhamento presencial da supervisão regional com mais frequência, para dialogo  e orientações para os colaboradores bem com aos gestores ","Precisam considerar que nem todos os colaboradores tem a mesma estrutura física corporal, e geralmente manda as blusas só M, G. ´faz se necessário buscar saber o tamanho de cada colaborador pra mandar as blusas, (tenho um colaborador aqui que é tamanho Extra G, ""GGG"" e não tem farda.    "
"2025/09/19 11:09:05 AM GMT-3","5","Item 1,3 e 4 ","3","Melhorias na intermediação da comunicação com o órgão e coordenadores do estabelecimento de saúde. ","Observar o desenvolvimento e melhoria do desempenho dos Técnicos Educandos. ","3","Sim","Contribui em alguma medida","Um pouco de cada item, porém ocorre em um período mais dilatado. Além disso, quando ocorre a comunicação prévia do encaminhamento do Técnico Educando permite uma melhor organização para seu acolhimento. ","3","WhatsApp e E- mail. ","Esse acompanhamento é feito de forma mais específica através dos coordenadores dos diferentes setores. ","4","4","3","4","4","4","Que seja realizado pelo menos um evento por semestre envolvendo a participação da FESF,
dos Técnicos Educandos, Pontos focais e coordenadores que tem em suas equipes integrantes do Programa. ","A questão do envio da comunicação prévia indicando a data de início/ encaminhamento de Técnicos Educandos ao estabelecimento de Saúde, com vistas a obter melhorias nos processos de acolhimento e integração dos mesmos. "
"2025/09/19 11:14:54 AM GMT-3","5","Orientação e supervisão direta das atividades dos jovens","4","Equilibrar várias demandas e prazos concorrentes, manter o engajamento das partes envolvidas e garantir que todos sigam o mesmo direcionamento ao longo do tempo","Desenvolver resultados da organização, através do ensino e desenvolvimento do jovem.","5","Sim","Contribui significativamente","Acompanhamento por um profissional/colega ou servidor mais experiente","4","E-mail","Semanalmente","3","1","5","1","3","3","Monitorar e avaliar continuamente o desenvolvimento das ações previstas no PPE; Criação de indicadores claros de acompanhamento (quantitativos e qualitativos) alinhados às metas do PPE.","Não"
"2025/09/19 12:28:29 PM GMT-3","5","Acolhimento e integração dos jovens","4","Disponibilidade de tempo, variedade das questões existentes, compatibilização dos interesses entre os educandos e a Unidade","Parceria com nossas lideranças no desenvolvimento do Projeto, apoio da FESF, interesse dos educandos em se desenvolverem.","5","Sim","Contribui significativamente","Apresentação formal à equipe","4","Whatsapp","Na medida que surgem situações para a situação","2","4","3","3","4","4","Precisamos criar um entendimento sobre o mercado de trabalho, pois a maioria dos educandos não identificam as normas e protocolos hierarquicos de forma clara.","O caminho é este que estamos seguindo, acompanhando o desenvolvimento , tanto no aspecto profissional quanto no comportamental e investindo mais em treinamento."
"2025/09/19 2:25:43 PM GMT-3","5","Acolhimento e integração dos jovens","3","Quando não temos a monitora presente na unidade; fluxo de comunicação com a FESF; interação com as atividades de capacitação realizadas pela FESF","Comunicação com a monitora; rapidez nas respostas às solicitações; interação com os trabalhadores educandos.","4","Não","É fundamental","Participação em eventos de integração","4","E-mail","conforme demanda","2","5","2","4","5","5","Reuniões regulares entre as instituições com articulação das atividades propostas","Acredito que as unidades maiores devam contar com uma monitoria exclusiva. A mudança para atenção à várias unidades dificulta o acompanhamento e desenvolvimento das atividades."
"2025/09/20 10:04:54 AM GMT-3","5","Acolhimento e integração dos jovens","2","Integrar os educando as normas da instituição, passar o conhecimento teórico e práticos necessários para o desenvolvimento das atividades serem desempenhadas, manejar conflitos entre as indisciplinas.","Guiar o educando quanto ao esclarecimento de dúvidas no seu processo de aprendizagem, Monitorar e avaliar o seu desempenho , Promover um espaço de aprendizagem e aproveitamento quanto instituição e PPE.","5","Sim","Contribui significativamente","Acompanhamento por um profissional/colega ou servidor mais experiente","4","Whatsapp","Diariamente","4","5","3","5","4","4","O programa PPE desenvolve um papel muito importante de aprendizagem e aproveitamento dentro das instituições para que possamos formar profissionais capacitados, e isso requer incentivo  na ampliação no numero de vagas dentro da nossa instituição.","Não "
"2025/09/22 12:06:16 PM GMT-3","5","Acolhimento e integração dos jovens","5","Rcp, PCR, paciente em estados graves de entubação ","Avp, cuidados aos pacientes ","5","Sim","É fundamental","Acompanhamento por um profissional/colega ou servidor mais experiente","5","Whatsapp","Quinzenalmente","5","5","3","1","5","4","Reunião frequentes, alguns treinamento para área hospitalar Técnico","Não "
"2025/09/22 12:34:28 PM GMT-3","4","Acompanhamento do desempenho e frequência dos jovens","4","Nível de conhecimento, pode deixar resolutividade ","Boa aceitação ","4","Sim","É fundamental","Acompanhamento por um profissional/colega ou servidor mais experiente","3","Whatsapp","Mensalmente","3","4","3","2","4","4","Vistorias","Falta de preparo técnico "
"2025/09/22 1:04:50 PM GMT-3","5","Orientação e supervisão direta das atividades dos jovens","3",".",".","5","Sim","Contribui significativamente","Acompanhamento por um profissional/colega ou servidor mais experiente","3","E-mail","Mensalmente","2","5","4","3","5","5",".","."
"2025/09/22 1:06:27 PM GMT-3","5","Orientação e supervisão direta das atividades dos jovens","5","Garantir um ambiente propenso para o desenvolvimentos dos jovens, direcionar os jovens no sentido de proporcionar um aprendizado eficaz e avaliar o aprendizado desenvolvido por cada jovem.","Acolhimento, experiência na área a qual supervisiono e comunicação efetiva.","5","Sim","É fundamental","Acompanhamento por um profissional/colega ou servidor mais experiente","3","Whatsapp","Diariamente","3","5","4","4","4","4","Os jovens do PPE deveriam desenvolver projetos de melhorias no ponto focal que está inserido. ","Não "
"2025/09/22 1:41:46 PM GMT-3","5","Orientação e supervisão direta das atividades dos jovens","5","pontualidade, compromisso,  responsabilidade.","Dedicação, orientação. Amor ao próximo ","5","Sim","Contribui significativamente","Participação em eventos de integração","5","Whatsapp","Diariamente","5","5","5","5","5","5","Atenção e entender o lado do outro ","Nao"
"2025/09/22 2:15:09 PM GMT-3","5","Acompanhamento do desempenho e frequência dos jovens","4","Horário
Focar 
Distância ","Exercer o trabalho 
Encorajamento 
Horário ","4","Sim","Contribui significativamente","Acesso a materiais institucionais (manuais, guias, outros)","4","Whatsapp","Diariamente","4","4","4","4","4","4","Ter mais ppe ","Não "
"2025/09/22 2:21:43 PM GMT-3","4","Orientação e supervisão direta das atividades dos jovens","4","Demandar tarefas condizentes com o nível de conhecimento;
Fazer a programação semanal;
Planejar tarefas  de alta performance b","Disponibilidade 
Comunicação  efetiva 
Dedicação com foco na resolução das demandas
","5","Sim","É fundamental","Apresentação formal à equipe","5","Whatsapp","Mensalmente","3","5","3","3","4","5","Aproveitamento deles no término desse processo. 
Realizaçao de projetos na área de atuação do referido aluno.","Não."
"2025/09/23 9:36:06 AM GMT-3","5","Acolhimento e integração dos jovens","5","Orientação, qualificação do profissional, e o que ele vai se tornar ","Convivência com os jovem, aprendo e ensino , passagem de experiências ","5","Sim","É fundamental","Acompanhamento por um profissional/colega ou servidor mais experiente","5","Whatsapp","Diariamente","3","5","3","5","5","5","Acredito que na parte de apresentação dos setores e colegas ","Não "
"2025/09/23 10:00:30 AM GMT-3","4","Acolhimento e integração dos jovens","4","A ausência  do concurso público,  para o apoio ap PPE;
Tempo maior de duração  para 3anos;
Jequié voltar  a ser Núcleo  de saúde. ","Acolhimento;
Solidariedade ;
Compromisso  com a gestão  pública.","5","Talvez","É fundamental","Acompanhamento por um profissional/colega ou servidor mais experiente","4","Reuniões presenciais","Semanalmente","4","3","4","4","4","4","Ter encontro quinzenais, diálogos e atualizacoes pernamanente.","A deficiencia  do concurso público, existencia  da terceirização  e precarização. "
"2025/09/23 10:04:02 AM GMT-3","5","Articulação entre gestão central do PPE e o orgão","4","Falta de ética profissional dos tècnicos, pedido de movimentação por motivos pessoais, falta de pessoal para acompanhar as demandas diárias do Programa","acompanhar o aprendizado dos beneficiários, poder ajudar na lotação nas Unidades demandantes","3","Não","Contribui significativamente","Acesso a materiais institucionais (manuais, guias, outros)","4","E-mail","Diariamente","1","4","2","4","4","4","esclarecimneto sobre o rela mundo do trabalho formal para os beneficiarios","clareza sobre o papel dos tecnicos no trabalho"
"2025/09/23 12:32:33 PM GMT-3","5","Acompanhamento do desempenho e frequência dos jovens","5","Avaliar bem, acompalhar a frequencia.","Nada a declarar","5","Sim","É fundamental","Apresentação formal à equipe","5","E-mail","Semanalmente","2","5","3","5","5","5","Sem sujestoes no momento","Não"
"2025/09/23 1:25:10 PM GMT-3","5","Acompanhamento das frequências e assinatura das mesmas","3","Lidar com a imaturidade de alguns","Fica muito fácil quando os jovens inseridos vem com perfil para a função","5","Não","Contribui significativamente","Acompanhamento por um profissional/colega ou servidor mais experiente","3","Whatsapp","Quando existe necessidade","3","3","3","3","3","4","Que existisse um projeto específico com foco na integração entre eles e nas relações interpessoais no trabalho.","Acho que deveria ter um monitoramento específico que orientasse sobre relações interpessoais."
"2025/09/23 3:22:15 PM GMT-3","5","Acompanhamento do desempenho e frequência dos jovens","4","Baixa qualificação educacional dos jovens;falta de oportunidades locais;Dificuldade de articulação entre instituições","1 Impacto social direto e transformador; 2 O papel permite construir pontes entre diferentes atores: empresas, escolas, ONGs, órgãos públicos e programas como Jovem Aprendiz e Primeiro Emprego.3 Proximidade com a realidade dos jovens","4","Sim","Contribui significativamente","Acompanhamento por um profissional/colega ou servidor mais experiente","4","Whatsapp","Mensalmente","4","5","5","3","4","4","1 Mentoria entre pares: jovens que já passaram pelo programa podem atuar como tutores dos recém-ingressos, promovendo acolhimento horizontal.; 
2 Fortalecer parcerias com o setor privado: ampliar o leque de empresas participantes, inclusive em áreas como tecnologia, agroindústria e economia criativa.
 3 Campanhas digitais segmentadas: usar redes sociais com linguagem jovem para divulgar o programa, histórias de sucesso e oportunidades.","Inconformidade, não! Apenas sugestões de melhoria"
"2025/09/23 4:08:06 PM GMT-3","5","Orientação e supervisão direta das atividades dos jovens","4","Adequação do perfil do jovem à atividade que irá desenvolver; manter o envolvimento e interesse do jovem ao seu trabalho; fazê-lo lidar com a idéiade que, apesar de trabalhador, é um educando.","Assertividade na distribuição dos jovens nos setores; Dar bom acolhimento e acompanhamento; assegurá-los de uma boa convivência com demais colaboradores.","5","Sim","É fundamental","Acompanhamento por um profissional/colega ou servidor mais experiente","5","Whatsapp","Diariamente","5","5","1","4","4","4","Realização periódica de reuniões envolvendo os atores do processo. Gestão, Supervisão e TE's","O período de trabalho é curto (dois anos), o que corta uma boa continuidade do trabalho."
"2025/09/23 4:10:50 PM GMT-3","2","acolhimento","2","nenhuma","nenhuma","2","Talvez","Contribui em alguma medida","as vezes","3","Whatsapp","quando necessario","2","3","2","3","3","3","Que a FESF coloque em cada unidade um funcionário (servidor) da FESF para resolver as situações da FESF, considero essa demanda imprescindível ","A falta de um servidor da FESF na unidade, isso faz com que pessoas que não tem nada a ver com a fesf trabalhar para a fesf sem vinculo empregatício. Não concordo com essa politica da FESF. "
"2025/09/23 4:24:41 PM GMT-3","4","Acolhimento e integração dos jovens, encaminhamento de folhas de ponto e demais demandas necessárias.","4","Tempo, espaço e a necessidade de maior entendimento do papel do ponto focal","Comunicação com os profissionais, facilidade de comunicação com o responsável técnico e com a gestão local","4","Sim","É fundamental","Apresentação formal à equipe","4","E-mail","Mensalmente","4","5","4","4","4","4","Um aviso prévio das novas admissões para assim preparar a melhor forma de receber os novos profissionais.","Não."
"2025/09/23 4:33:37 PM GMT-3","5","Orientação e supervisão direta das atividades dos jovens","5","Orientar, 
Coordenar
Ensinar","Aceitar, 
Participar,
Compreender","5","Sim","É fundamental","Acompanhamento por um profissional/colega ou servidor mais experiente","5","Whatsapp","Diariamente","5","5","1","5","5","5","Entender a jornada contratual","Não "
"2025/09/24 12:02:00 PM GMT-3","5","Acompanhamento do desempenho e frequência dos jovens","4","A disponibilidade da vaga, interesse nas áreas de serviço e  compromisso de jovens do PPE","dedicação na orientação nos setores, estimular ao empenho no conhecimento e nas atividades vislumbrando a formação um grande profissional  ","4","Sim","É fundamental","todas as formas acima citados","4","todas as ferramentas acima citados","Mensalmente","4","3","2","3","3","3","Acompanhamento em períodos mais próximo dos orientandos, estimulando ao desempenho nas áreas","Falta de disponibilidade de jovens do PPE"
"2025/09/24 3:10:32 PM GMT-3","5","Acolhimento e integração dos jovens","5","1-Levar coordenadores diretos para nível de entendimento a respeito do Progama.
2-Buscar manter o PPE SEM DESVIO DE FUNÇÃO.
3-Mediar Conflitos","Acesso direto ao PPE
Facilidade de comunicação com o PPE
Parceria direta com a equipe da FESF_SUS","4","Não","É fundamental","Acompanhamento por um profissional/colega ou servidor mais experiente","4","Telefone celular","Diariamente","5","5","1","4","5","5","o Ponto Focal Deve ser Alguem que possua autonomia junto com a gestão,  e nao ser ingnorado e ser respossabilizado quando ha intercorrências.","Esclarecimento ativo diretaMENTE A gESTÃO FORA FORA DA UNIDADE. O ESPAÇO DEIXA-O EN ZONA DE  CONFORTO."
"2025/09/25 9:41:10 AM GMT-3","5","Orientação e supervisão direta das atividades dos jovens","5","Manter o foco no objetivo principal; tempo para acompanhamento e demonstrar proatividade.","Facilitar a adaptação; orientar o profissional sobre o que é esperado na Unidade e   retorno dos ensinamentos passados.","4","Sim","É fundamental","Acompanhamento por um profissional/colega ou servidor mais experiente","4","E-mail","Quinzenalmente","2","3","3","3","4","4","Fomentar o fortalecimento dos vínculos familiares e comunitários, e o acesso à saúde, educação, trabalho e lazer. ","Não"